loss	scores
2.4946671632620006	{"Bleu_1": 0.46422687392812156, "Bleu_2": 0.26222581530876254, "Bleu_3": 0.1528226058180153, "Bleu_4": 0.09091134342008934, "ROUGE_L": 0.3603975296447765}
