loss	scores
0.2589284463299798	{'Bleu_1': 0.6044765306125868, 'Bleu_2': 0.47782290183839377, 'Bleu_3': 0.3881086933591431, 'Bleu_4': 0.3212530505872106, 'ROUGE_L': 0.6227223873335556}
