gpt_loss	gcn_loss	node_pred_acc
0.9108031007484001	151833054.3532132	0.038104906937394246
