loss	scores
0   {'Bleu_1': 0.24452255165259973, 'Bleu_2': 0.19235185489505843, 'Bleu_3': 0.15836648184085203, 'Bleu_4': 0.1342235909756021, 'ROUGE_L': 0.28960526922618723}