loss	scores
0	{'Bleu_1': 0.2558844747347327, 'Bleu_2': 0.19858349550575755, 'Bleu_3': 0.15983105417289792, 'Bleu_4': 0.13178514711565065, 'ROUGE_L': 0.1691071029591168}
