gpt_loss	gcn_loss	node_pred_acc	node_pred_recall	node_pred_f1
0.913586658330405	0.3525636975390304	0.8143053534533351	0.8813563746475932	0.8465051752740157
0.7601707695757217	0.3507866016277036	0.814494612312763	0.8823396331488635	0.8470607890569256
0.7600100695526383	0.3508800343747261	0.8144258415475801	0.8823773392270834	0.847040971168437
0.7603566379732299	0.3507315348185025	0.8144402215311459	0.8822830740315338	0.8470053121173498
0.7602452200157924	0.35066425803771956	0.8145974906421193	0.8824309978768577	0.8471585260924408
