gpt_loss	gcn_loss	node_pred_acc	node_pred_recall	node_pred_f1
1.0224591164806875	0.289561745624888	0.8526346547190027	0.8759789077999374	0.8641491537353887
0.8533295193602153	0.25860648849219026	0.8701137524010826	0.8835665309247851	0.8767885423914678
0.8533400342198645	0.25879689776523995	0.8700364258410714	0.8836419430812247	0.8767864067960264
0.8532789767872019	0.2586506069504279	0.8700260630511621	0.8835027206385669	0.8767126047566178
0.8533343001194168	0.258487739679401	0.8702008227161058	0.8835476778856751	0.8768234623621249
0.8534980363893407	0.2585199181081062	0.869974195335739	0.8834954694696785	0.8766827000910199
0.8533674059554662	0.2586261838783456	0.8699743614633951	0.8838072697318807	0.8768362622405492
0.8528197428163572	0.2583626784489576	0.870074799793833	0.8837768148225494	0.8768722836194474
