loss	scores
2.5165338285507692	{"Bleu_1": 0.49799229899981756, "Bleu_2": 0.35401352618873383, "Bleu_3": 0.26138670514598444, "Bleu_4": 0.19604249091724582, "ROUGE_L": 0.638899925967975}
